<?xml version="1.0" encoding="UTF-8"?>
<?xml-stylesheet type="text/xsl" href="wz.xsl"?>

<Wepons>
    <Wepon>
        <Name>Kilo 141(Assault)</Name>
        <Max-DMG>42</Max-DMG>
        <RPM>750</RPM>
        <Mag>30</Mag>
        <Reload>2.36s</Reload>
    </Wepon>
    <Wepon>
        <Name>M4A1(Assault)</Name>
        <Max-DMG>41</Max-DMG>
        <RPM>800</RPM>
        <Mag>30</Mag>
        <Reload>2.23s</Reload>
    </Wepon>
    <Wepon>
        <Name>Grau 5.56(Assault)</Name>
        <Max-DMG>42</Max-DMG>
        <RPM>730</RPM>
        <Mag>30</Mag>
        <Reload>2.15s</Reload>
    </Wepon>
    <Wepon>
        <Name>AS VAL(Assault)</Name>
        <Max-DMG>47</Max-DMG>
        <RPM>900</RPM>
        <Mag>20</Mag>
        <Reload>2.18s</Reload>
    </Wepon>
    <Wepon>
        <Name>MP5(SMG)</Name>
        <Max-DMG>49</Max-DMG>
        <RPM>798</RPM>
        <Mag>30</Mag>
        <Reload>2.79s</Reload>
    </Wepon>
    <Wepon>
        <Name>Fennec(SMG)</Name>
        <Max-DMG>40</Max-DMG>
        <RPM>1085</RPM>
        <Mag>25</Mag>
        <Reload>2.36s</Reload>
    </Wepon>
    <Wepon>
        <Name>MP7(SMG)</Name>
        <Max-DMG>40</Max-DMG>
        <RPM>950</RPM>
        <Mag>40</Mag>
        <Reload>1.97s</Reload>
    </Wepon>
    <Wepon>
        <Name>PKM(LMG)</Name>
        <Max-DMG>48</Max-DMG>
        <RPM>750</RPM>
        <Mag>100</Mag>
        <Reload>8.85s</Reload>
    </Wepon>
    <Wepon>
        <Name>FiNN(LMG)</Name>
        <Max-DMG>36</Max-DMG>
        <RPM>630</RPM>
        <Mag>75</Mag>
        <Reload>5.83s</Reload>
    </Wepon>
    <Wepon>
        <Name>Kar98K(Marksman)</Name>
        <Max-DMG>250</Max-DMG>
        <RPM>44</RPM>
        <Mag>5</Mag>
        <Reload>3.58s</Reload>
    </Wepon>
    <Wepon>
        <Name>SP-R 208(Marksman)</Name>
        <Max-DMG>250</Max-DMG>
        <RPM>47</RPM>
        <Mag>5</Mag>
        <Reload>2.75s</Reload>
    </Wepon>
    <Wepon>
        <Name>HDR(Sniper)</Name>
        <Max-DMG>250</Max-DMG>
        <RPM>31.5</RPM>
        <Mag>5</Mag>
        <Reload>4.40s</Reload>
    </Wepon>
    <Wepon>
        <Name>AX-50(Sniper)</Name>
        <Max-DMG>250</Max-DMG>
        <RPM>40</RPM>
        <Mag>5</Mag>
        <Reload>4.15s</Reload>
    </Wepon>
    <Wepon>
        <Name>M19(Pistol)</Name>
        <Max-DMG>72</Max-DMG>
        <RPM>312</RPM>
        <Mag>17</Mag>
        <Reload>2.14s</Reload>
    </Wepon>
</Wepons>